2019-12-22 00:00	17.183	17.200	17.164	17.193	120
2019-12-23 00:00	17.192	17.445	17.168	17.401	2946
2019-12-24 00:00	17.402	17.775	17.357	17.735	3123
2019-12-25 00:00	17.718	17.758	17.647	17.747	183
2019-12-26 00:00	17.747	18.046	17.725	17.863	4553
2019-12-27 00:00	17.864	17.963	17.722	17.729	4144
2019-12-29 00:00	17.775	17.824	17.762	17.824	143
2019-12-30 00:00	17.825	17.952	17.768	17.948	3287
2019-12-31 00:00	17.950	18.134	17.810	17.812	3772
2020-01-01 00:00	17.863	17.929	17.856	17.886	234
2020-01-02 00:00	17.887	18.086	17.777	18.042	4093
2020-01-03 00:00	18.039	18.262	17.987	18.011	6658
2020-01-05 00:00	18.140	18.284	18.112	18.173	829
2020-01-06 00:00	18.175	18.498	18.001	18.119	6476
2020-01-07 00:00	18.115	18.707	17.936	18.562	7670
2020-01-08 00:00	18.562	18.844	18.044	18.145	11584
2020-01-09 00:00	18.148	18.198	17.788	17.898	6526
2020-01-10 00:00	17.899	18.143	17.823	18.078	4796
2020-01-12 00:00	18.011	18.076	18.007	18.066	147
2020-01-13 00:00	18.068	18.068	17.885	17.922	3626
2020-01-14 00:00	17.923	17.925	17.664	17.810	4829
2020-01-15 00:00	17.811	18.038	17.749	17.995	4399
2020-01-16 00:00	17.995	18.031	17.858	17.908	3707
2020-01-17 00:00	17.909	18.160	17.895	17.994	3551
2020-01-19 00:00	18.027	18.044	18.002	18.007	140
2020-01-20 00:00	18.010	18.124	17.987	18.049	2132
2020-01-21 00:00	18.055	18.146	17.623	17.755	5857
2020-01-22 00:00	17.756	17.919	17.678	17.864	3694
2020-01-23 00:00	17.864	17.883	17.594	17.768	4135
2020-01-24 00:00	17.773	18.140	17.740	18.078	3138
2020-01-26 00:00	18.247	18.316	18.155	18.204	345
2020-01-27 00:00	18.205	18.327	18.033	18.110	4191
2020-01-28 00:00	18.109	18.113	17.421	17.476	4460
2020-01-29 00:00	17.474	17.598	17.351	17.587	3318
2020-01-30 00:00	17.587	18.031	17.576	17.815	4912
2020-01-31 00:00	17.819	18.079	17.777	17.998	4578
2020-02-02 00:00	18.003	18.090	17.986	18.003	432
2020-02-03 00:00	18.004	18.011	17.579	17.688	5551
2020-02-04 00:00	17.687	17.775	17.522	17.603	4665
2020-02-05 00:00	17.606	17.719	17.474	17.637	4767
2020-02-06 00:00	17.635	17.877	17.621	17.814	4150
2020-02-07 00:00	17.813	17.857	17.588	17.662	4472
2020-02-09 00:00	17.669	17.771	17.664	17.710	432
2020-02-10 00:00	17.710	17.828	17.671	17.768	3709
2020-02-11 00:00	17.765	17.796	17.562	17.650	3472
2020-02-12 00:00	17.650	17.669	17.449	17.548	3518
2020-02-13 00:00	17.547	17.725	17.540	17.653	3682
2020-02-14 00:00	17.652	17.797	17.613	17.701	2925
2020-02-16 00:00	17.694	17.748	17.674	17.718	149
2020-02-17 00:00	17.717	17.886	17.716	17.813	1863
2020-02-18 00:00	17.822	18.227	17.810	18.178	3974
2020-02-19 00:00	18.177	18.458	18.158	18.359	5387
2020-02-20 00:00	18.360	18.429	18.230	18.374	6240
2020-02-21 00:00	18.371	18.622	18.347	18.448	6284
2020-02-23 00:00	18.626	18.805	18.596	18.619	907
2020-02-24 00:00	18.620	18.934	18.525	18.541	11273
2020-02-25 00:00	18.540	18.636	17.847	18.081	12668
2020-02-26 00:00	18.081	18.203	17.784	17.951	11394
2020-02-27 00:00	17.953	18.131	17.614	17.829	9370
2020-02-28 00:00	17.826	17.858	16.383	16.632	13977
2020-03-01 00:00	16.523	16.834	16.419	16.829	934
2020-03-02 00:00	16.831	17.049	16.636	16.833	10821
2020-03-03 00:00	16.837	17.457	16.738	17.262	9836
2020-03-04 00:00	17.258	17.326	17.050	17.225	6997
2020-03-05 00:00	17.221	17.515	17.134	17.483	4712
2020-03-06 00:00	17.488	17.568	17.011	17.307	9703
2020-03-08 00:00	17.498	17.578	17.180	17.353	822
2020-03-09 00:00	17.352	17.404	16.556	16.876	10117
2020-03-10 00:00	16.877	17.187	16.797	17.012	8956
2020-03-11 00:00	17.016	17.102	16.669	16.888	7106
2020-03-12 00:00	16.888	16.917	15.509	15.723	14007
2020-03-13 00:00	15.721	15.862	14.432	14.711	13309
2020-03-15 00:00	15.054	15.154	14.601	14.645	682
2020-03-16 00:00	14.648	14.757	11.737	13.175	12822
2020-03-17 00:00	13.175	13.208	12.112	12.805	13163
2020-03-18 00:00	12.805	12.866	11.624	12.040	15923
2020-03-19 00:00	12.041	12.297	11.754	12.140	13331
2020-03-20 00:00	12.141	13.012	12.131	12.537	11889
2020-03-22 00:00	12.546	12.633	12.257	12.544	940
2020-03-23 00:00	12.544	13.901	12.359	13.823	12540
2020-03-24 00:00	13.836	14.708	13.145	14.275	7015
2020-03-25 00:00	14.280	14.606	13.996	14.231	4029
2020-03-26 00:00	14.230	14.662	14.155	14.397	3830
2020-03-27 00:00	14.379	14.611	14.156	14.426	3768
2020-03-29 00:00	14.502	14.540	14.300	14.329	271
2020-03-30 00:00	14.324	14.324	13.793	13.995	5213
2020-03-31 00:00	14.000	14.238	13.840	13.978	3738
2020-04-01 00:00	13.981	14.118	13.802	13.907	3126
2020-04-02 00:00	13.906	14.536	13.881	14.373	3070
2020-04-03 00:00	14.368	14.531	14.256	14.376	2508
2020-04-05 00:00	14.402	14.478	14.233	14.438	197
2020-04-06 00:00	14.434	15.532	14.320	15.083	3194
2020-04-07 00:00	15.113	15.332	14.400	14.891	3860
2020-04-08 00:00	14.890	15.122	14.845	15.056	2212
2020-04-09 00:00	15.056	15.527	15.020	15.396	2828
2020-04-12 00:00	15.419	15.474	15.136	15.396	227
2020-04-13 00:00	15.393	15.519	15.100	15.373	2745
2020-04-14 00:00	15.378	15.837	15.347	15.671	2851
2020-04-15 00:00	15.672	15.769	15.258	15.369	2808
2020-04-16 00:00	15.374	15.580	15.204	15.507	2923
2020-04-17 00:00	15.508	15.517	14.999	15.147	2546
2020-04-19 00:00	15.081	15.162	15.035	15.068	272
2020-04-20 00:00	15.070	15.426	15.038	15.198	2229
2020-04-21 00:00	15.197	15.322	14.524	14.941	5547
2020-04-22 00:00	14.942	15.138	14.664	15.003	2068
2020-04-23 00:00	15.000	15.429	14.943	15.173	4500
2020-04-24 00:00	15.180	15.380	15.013	15.187	4593
2020-04-26 00:00	15.215	15.251	15.125	15.251	270
2020-04-27 00:00	15.249	15.319	15.011	15.139	4208
2020-04-28 00:00	15.137	15.221	14.898	15.165	5135
2020-04-29 00:00	15.167	15.378	15.085	15.236	4788
2020-04-30 00:00	15.235	15.492	14.593	15.017	5504
2020-05-01 00:00	15.018	15.033	14.734	14.933	3472
2020-05-03 00:00	14.962	14.981	14.684	14.812	398
2020-05-04 00:00	14.821	15.057	14.709	14.791	3122
2020-05-05 00:00	14.790	15.027	14.709	14.906	3371
2020-05-06 00:00	14.906	15.151	14.776	14.974	4084
2020-05-07 00:00	14.979	15.422	14.909	15.281	2886
2020-05-08 00:00	15.281	15.618	15.243	15.418	4500
2020-05-10 00:00	15.425	15.568	15.425	15.540	251
2020-05-11 00:00	15.528	15.606	15.268	15.390	3870
2020-05-12 00:00	15.388	15.621	15.382	15.516	3089
2020-05-13 00:00	15.514	15.638	15.297	15.533	3622
2020-05-14 00:00	15.532	15.906	15.440	15.795	2815
2020-05-15 00:00	15.793	16.720	15.767	16.596	3401
2020-05-17 00:00	16.749	17.019	16.636	16.960	655
2020-05-18 00:00	16.960	17.554	16.798	17.136	6881
2020-05-19 00:00	17.136	17.483	16.949	17.389	3970
2020-05-20 00:00	17.391	17.628	17.253	17.434	3880
2020-05-21 00:00	17.435	17.444	16.862	17.079	5242
2020-05-22 00:00	17.078	17.238	16.696	17.169	3062
2020-05-24 00:00	17.139	17.170	17.095	17.105	208
2020-05-25 00:00	17.100	17.194	16.881	17.157	2303
2020-05-26 00:00	17.157	17.435	17.012	17.173	5016
2020-05-27 00:00	17.173	17.347	16.836	17.213	3786
2020-05-28 00:00	17.218	17.511	17.166	17.322	3779
2020-05-29 00:00	17.321	17.901	17.248	17.838	3088
2020-05-31 00:00	17.999	18.104	17.925	18.024	277
2020-06-01 00:00	18.023	18.366	17.982	18.289	3404
2020-06-02 00:00	18.289	18.332	17.766	18.024	4106
2020-06-03 00:00	18.023	18.040	17.453	17.636	5122
2020-06-04 00:00	17.635	17.844	17.454	17.705	4220
2020-06-05 00:00	17.708	17.758	17.206	17.399	5548
2020-06-07 00:00	17.367	17.488	17.287	17.439	455
2020-06-08 00:00	17.442	17.791	17.421	17.706	2783
2020-06-09 00:00	17.704	17.758	17.448	17.598	2552
2020-06-10 00:00	17.597	18.184	17.538	18.016	3336
2020-06-11 00:00	18.016	18.101	17.467	17.645	4352
2020-06-12 00:00	17.645	17.740	17.381	17.467	3948
2020-06-14 00:00	17.436	17.544	17.403	17.509	389
2020-06-15 00:00	17.512	17.532	16.938	17.405	4756
2020-06-16 00:00	17.404	17.557	17.274	17.463	4686
2020-06-17 00:00	17.462	17.601	17.325	17.466	2597
2020-06-18 00:00	17.465	17.670	17.297	17.389	3546
2020-06-19 00:00	17.385	17.797	17.361	17.577	2944
2020-06-21 00:00	17.688	17.833	17.627	17.753	301
2020-06-22 00:00	17.759	18.025	17.650	17.780	4125
2020-06-23 00:00	17.779	18.062	17.652	17.937	3403
2020-06-24 00:00	17.934	17.982	17.361	17.560	5672
2020-06-25 00:00	17.560	17.813	17.438	17.778	3542
2020-06-26 00:00	17.779	17.938	17.483	17.712	3677
2020-06-28 00:00	17.785	17.940	17.785	17.926	354
2020-06-29 00:00	17.926	17.950	17.676	17.803	2715
2020-06-30 00:00	17.803	18.231	17.758	18.145	2932
2020-07-01 00:00	18.145	18.435	17.821	17.985	5310
2020-07-02 00:00	17.985	18.118	17.746	17.961	3574
2020-07-03 00:00	17.962	18.053	17.945	18.007	1675
2020-07-05 00:00	18.026	18.051	17.993	18.045	233
2020-07-06 00:00	18.044	18.388	17.931	18.325	3831
2020-07-07 00:00	18.323	18.353	17.978	18.255	3423
2020-07-08 00:00	18.259	18.756	18.250	18.660	3103
2020-07-09 00:00	18.657	19.028	18.468	18.654	5533
2020-07-10 00:00	18.648	18.794	18.467	18.683	3740
2020-07-12 00:00	18.671	18.811	18.671	18.783	259
2020-07-13 00:00	18.782	19.373	18.749	19.072	4424
2020-07-14 00:00	19.072	19.324	18.863	19.246	4563
2020-07-15 00:00	19.245	19.472	19.119	19.361	3300
2020-07-16 00:00	19.361	19.367	19.082	19.191	3683
2020-07-17 00:00	19.192	19.386	18.917	19.283	2576
2020-07-19 00:00	19.296	19.356	19.289	19.329	276
2020-07-20 00:00	19.330	19.913	19.240	19.869	3388
2020-07-21 00:00	19.864	22.812	19.840	22.573	1964
2020-07-22 00:00	22.573	23.240	21.359	22.937	2229
2020-07-23 00:00	22.937	23.120	22.235	22.720	2123
2020-07-24 00:00	22.719	22.911	22.379	22.718	1520
2020-07-26 00:00	22.699	23.096	22.670	22.976	197
2020-07-27 00:00	22.977	25.633	22.892	25.462	2217
2020-07-28 00:00	25.462	26.187	22.270	24.287	2554
2020-07-29 00:00	24.287	24.942	23.290	24.272	2021
2020-07-30 00:00	24.257	24.365	22.892	23.307	2231
2020-07-31 00:00	23.312	24.464	23.269	24.354	1989
2020-08-02 00:00	24.513	24.941	24.007	24.363	242
2020-08-03 00:00	24.363	24.448	24.000	24.247	1733
2020-08-04 00:00	24.246	26.304	24.117	25.814	2145
2020-08-05 00:00	25.815	27.129	25.554	26.938	2410
2020-08-06 00:00	26.937	29.838	26.826	29.277	2729
2020-08-07 00:00	29.282	29.394	27.351	28.241	2855
2020-08-09 00:00	28.425	28.505	27.793	28.245	212
2020-08-10 00:00	28.244	29.399	27.829	28.874	2692
2020-08-11 00:00	28.871	29.162	24.365	25.184	3533
2020-08-12 00:00	25.185	26.265	23.339	25.736	2422
2020-08-13 00:00	25.731	27.726	25.615	27.222	2672
2020-08-14 00:00	27.243	27.512	25.721	26.392	2767
2020-08-16 00:00	26.499	26.825	26.005	26.309	230
2020-08-17 00:00	26.306	27.555	25.793	27.442	2346
2020-08-18 00:00	27.443	28.454	27.082	27.770	2606
2020-08-19 00:00	27.769	28.013	26.462	26.969	3103
2020-08-20 00:00	26.968	27.530	26.608	27.401	2500
2020-08-21 00:00	27.400	27.471	26.021	26.727	2042
2020-08-23 00:00	26.792	26.816	26.356	26.587	187
2020-08-24 00:00	26.589	27.222	26.249	26.625	2019
2020-08-25 00:00	26.625	26.792	26.047	26.426	1934
2020-08-26 00:00	26.426	27.485	26.074	27.300	2100
2020-08-27 00:00	27.300	27.911	26.493	26.901	2353
2020-08-28 00:00	26.900	27.703	26.876	27.458	1989
2020-08-30 00:00	27.499	28.147	27.488	27.914	197
2020-08-31 00:00	27.916	28.351	27.554	28.128	21758
2020-09-01 00:00	28.128	28.895	27.550	28.149	2228
2020-09-02 00:00	28.145	28.208	27.057	27.480	2295
2020-09-03 00:00	27.480	27.702	26.373	26.810	2393
2020-09-04 00:00	26.810	27.029	26.287	26.843	2120
2020-09-06 00:00	26.817	27.001	26.728	26.744	179
2020-09-07 00:00	26.744	27.159	26.611	26.796	1318
2020-09-08 00:00	26.798	27.085	25.832	26.695	2527
2020-09-09 00:00	26.695	27.111	26.398	26.904	2021
2020-09-10 00:00	26.904	27.476	26.681	26.867	2133
2020-09-11 00:00	26.870	27.024	26.552	26.679	1800
2020-09-13 00:00	26.697	26.803	26.652	26.695	179
2020-09-14 00:00	26.700	27.297	26.698	27.172	2080
2020-09-15 00:00	27.172	27.617	26.992	27.120	1927
2020-09-16 00:00	27.121	27.430	26.862	27.116	2114
2020-09-17 00:00	27.116	27.193	26.267	27.030	2384
2020-09-18 00:00	27.034	27.217	26.675	26.738	1878
2020-09-20 00:00	26.745	26.911	26.451	26.875	185
2020-09-21 00:00	26.874	26.952	23.685	24.948	2740
2020-09-22 00:00	24.947	24.948	23.812	24.279	2298
2020-09-23 00:00	24.280	24.333	21.669	22.344	2983
2020-09-24 00:00	22.341	23.339	21.650	23.101	3063
2020-09-25 00:00	23.102	23.292	22.417	22.838	2455
2020-09-27 00:00	22.867	23.076	22.839	22.902	185
2020-09-28 00:00	22.903	23.820	22.504	23.654	2494
2020-09-29 00:00	23.655	24.394	23.360	24.201	2436
2020-09-30 00:00	24.196	24.196	23.121	23.238	2491
2020-10-01 00:00	23.240	24.156	23.238	23.664	2450
2020-10-02 00:00	23.663	24.196	23.466	23.684	2108
2020-10-04 00:00	23.857	23.961	23.673	23.910	182
2020-10-05 00:00	23.906	24.508	23.671	24.418	2137
2020-10-06 00:00	24.414	24.491	22.840	23.285	2410
2020-10-07 00:00	23.281	23.970	23.174	23.805	2024
2020-10-08 00:00	23.805	24.205	23.640	24.020	1932
2020-10-09 00:00	24.025	25.173	23.988	25.129	2018
2020-10-11 00:00	25.091	25.290	24.973	25.072	186
2020-10-12 00:00	25.073	25.549	24.771	25.041	2241
2020-10-13 00:00	25.041	25.079	23.921	24.169	2480
2020-10-14 00:00	24.166	24.625	23.860	24.133	2337
2020-10-15 00:00	24.134	24.319	23.559	24.268	2359
2020-10-16 00:00	24.266	24.511	24.042	24.105	1687
2020-10-18 00:00	24.140	24.243	24.094	24.228	180
2020-10-19 00:00	24.229	24.963	24.100	24.441	2257
2020-10-20 00:00	24.441	24.932	24.305	24.886	2175
2020-10-21 00:00	24.887	25.276	24.831	24.977	2645
2020-10-22 00:00	24.978	25.019	24.359	24.624	2407
2020-10-23 00:00	24.623	24.845	24.398	24.537	1936
2020-10-25 00:00	24.647	24.654	24.169	24.484	184
2020-10-26 00:00	24.483	24.556	24.080	24.341	2807
2020-10-27 00:00	24.342	24.606	24.182	24.339	2312
2020-10-28 00:00	24.344	24.558	23.013	23.424	2777
2020-10-29 00:00	23.425	23.574	22.569	23.251	3035
2020-10-30 00:00	23.250	23.805	23.164	23.593	2573
2020-11-01 00:00	23.536	23.617	23.382	23.472	122
2020-11-02 00:00	23.471	24.153	23.377	24.021	2154
2020-11-03 00:00	24.021	24.491	23.897	24.041	2045
2020-11-04 00:00	24.044	24.265	23.212	23.945	2580
2020-11-05 00:00	23.942	25.460	23.889	25.060	3466
2020-11-06 00:00	25.060	25.835	24.879	25.565	2629
2020-11-08 00:00	25.676	25.996	25.606	25.748	141
2020-11-09 00:00	25.744	25.956	23.560	24.235	3063
2020-11-10 00:00	24.230	24.486	23.889	24.263	2609
2020-11-11 00:00	24.262	24.421	23.763	24.155	2226
2020-11-12 00:00	24.155	24.391	24.024	24.280	1930
2020-11-13 00:00	24.280	24.807	24.144	24.613	1746
2020-11-15 00:00	24.685	24.741	24.600	24.722	121
2020-11-16 00:00	24.727	25.062	24.203	24.742	1960
2020-11-17 00:00	24.739	24.792	24.206	24.487	1853
2020-11-18 00:00	24.490	24.696	24.186	24.250	1829
2020-11-19 00:00	24.251	24.348	23.626	23.974	2181
2020-11-20 00:00	23.967	24.516	23.940	24.143	1646
2020-11-22 00:00	24.103	24.251	24.075	24.251	120
2020-11-23 00:00	24.247	24.384	23.413	23.574	1999
2020-11-24 00:00	23.569	23.602	22.915	23.201	2119
2020-11-25 00:00	23.203	23.513	23.086	23.361	1676
2020-11-26 00:00	23.361	23.469	23.159	23.275	1227
2020-11-27 00:00	23.278	23.316	22.319	22.700	1563
2020-11-29 00:00	22.689	22.734	22.440	22.527	122
2020-11-30 00:00	22.528	22.671	21.881	22.622	2347
2020-12-01 00:00	22.619	24.043	22.592	23.893	2425
2020-12-02 00:00	23.891	24.313	23.533	23.956	1828
2020-12-03 00:00	23.956	24.270	23.725	24.068	1973
2020-12-04 00:00	24.066	24.400	23.917	24.166	1767
2020-12-06 00:00	24.149	24.219	24.067	24.177	120
2020-12-07 00:00	24.178	24.770	23.511	24.532	1876
2020-12-08 00:00	24.532	24.857	24.418	24.524	1787
2020-12-09 00:00	24.527	24.539	23.575	23.890	2113
2020-12-10 00:00	23.892	24.276	23.702	23.934	1887
2020-12-11 00:00	23.929	24.109	23.580	23.907	1693
2020-12-13 00:00	23.977	24.007	23.893	23.920	119
2020-12-14 00:00	23.915	24.227	23.650	23.853	1899
2020-12-15 00:00	23.859	24.553	23.823	24.465	2153
2020-12-16 00:00	24.462	25.487	24.426	25.259	3028
2020-12-17 00:00	25.258	26.089	25.143	25.816	3006
2020-12-18 00:00	25.811	26.119	25.643	25.781	2258
2020-12-20 00:00	25.915	26.035	25.762	25.992	124
2020-12-21 00:00	25.991	27.401	24.918	26.222	2985
2020-12-22 00:00	26.219	26.568	25.067	25.223	2571
2020-12-23 00:00	25.221	25.783	25.042	25.651	1757
2020-12-24 00:00	25.649	25.898	25.404	25.756	1204
2020-12-27 00:00	25.911	26.241	25.833	26.171	118
2020-12-28 00:00	26.181	26.762	26.078	26.448	1975
2020-12-29 00:00	26.444	26.596	25.934	26.219	1973
2020-12-30 00:00	26.214	26.681	26.158	26.571	1799
2020-12-31 00:00	26.567	26.691	26.200	26.370	1498
2021-01-03 00:00	26.616	26.907	26.557	26.805	126
2021-01-04 00:00	26.805	27.557	26.742	27.111	2690
2021-01-05 00:00	27.111	27.681	26.976	27.567	2421
2021-01-06 00:00	27.568	27.915	26.586	27.091	2916
2021-01-07 00:00	27.091	27.343	26.906	27.093	2568
2021-01-08 00:00	27.094	27.137	24.459	25.403	3002
2021-01-10 00:00	25.390	25.488	24.814	24.978	133
2021-01-11 00:00	24.972	25.264	24.316	25.081	2512
2021-01-12 00:00	25.078	25.671	24.979	25.542	2034
2021-01-13 00:00	25.539	25.669	25.114	25.372	1885
2021-01-14 00:00	25.372	25.882	25.021	25.706	2174
2021-01-15 00:00	25.705	25.780	24.570	24.724	2172
2021-01-17 00:00	24.749	24.819	24.005	24.632	178
2021-01-18 00:00	24.634	25.146	24.496	25.085	1539
2021-01-19 00:00	25.089	25.400	24.987	25.325	2127
2021-01-20 00:00	25.326	25.898	25.022	25.767	2376
2021-01-21 00:00	25.770	26.036	25.623	25.843	2028
2021-01-22 00:00	25.839	25.844	25.013	25.456	2094
2021-01-24 00:00	25.441	25.686	25.427	25.598	124
2021-01-25 00:00	25.592	25.757	25.150	25.311	2131
2021-01-26 00:00	25.313	25.642	25.178	25.432	1984
2021-01-27 00:00	25.430	25.458	24.684	25.200	2346
2021-01-28 00:00	25.195	26.962	24.849	26.166	3126
2021-01-29 00:00	26.166	27.644	26.028	26.936	3612
2021-01-31 00:00	28.237	29.003	28.184	28.436	239
2021-02-01 00:00	28.436	30.047	27.938	28.578	3295
2021-02-02 00:00	28.579	28.879	26.266	26.936	2729
2021-02-03 00:00	26.935	27.180	26.474	26.736	2190
2021-02-04 00:00	26.736	26.842	25.886	26.323	2393
2021-02-05 00:00	26.317	27.038	26.182	26.896	1968
2021-02-07 00:00	26.954	27.295	26.846	27.071	131
2021-02-08 00:00	27.070	27.567	26.835	27.399	1992
2021-02-09 00:00	27.398	27.797	27.049	27.197	2133
2021-02-10 00:00	27.196	27.525	26.810	26.881	2013
2021-02-11 00:00	26.883	27.281	26.691	26.882	1767
2021-02-12 00:00	26.881	27.426	26.842	27.325	1674
2021-02-14 00:00	27.367	27.558	27.334	27.527	121
2021-02-15 00:00	27.530	27.695	27.350	27.677	1214
2021-02-16 00:00	27.677	27.945	26.817	27.186	2260
2021-02-17 00:00	27.185	27.437	26.846	27.393	2164
2021-02-18 00:00	27.388	27.512	26.028	26.864	2154
2021-02-19 00:00	26.867	27.599	26.549	27.262	1989
2021-02-21 00:00	27.376	27.549	27.313	27.437	124
2021-02-22 00:00	27.437	28.273	27.260	28.036	2418
2021-02-23 00:00	28.036	28.316	27.231	27.667	2569
2021-02-24 00:00	27.668	28.013	27.309	27.805	2427
2021-02-25 00:00	27.805	28.195	27.259	27.565	3433
2021-02-26 00:00	27.565	27.576	26.126	26.647	3385
2021-02-28 00:00	26.627	26.830	26.607	26.725	132
2021-03-01 00:00	26.726	27.064	26.420	26.616	2515
2021-03-02 00:00	26.610	26.894	25.811	26.710	2773
2021-03-03 00:00	26.706	26.814	25.815	26.181	2666
2021-03-04 00:00	26.190	26.297	25.044	25.365	3278
2021-03-05 00:00	25.366	25.450	24.814	25.193	2820
2021-03-07 00:00	25.315	25.559	25.266	25.409	128
2021-03-08 00:00	25.411	25.915	24.935	25.224	2745
2021-03-09 00:00	25.223	26.124	25.025	25.973	2906
2021-03-10 00:00	25.971	26.224	25.537	26.085	2277
2021-03-11 00:00	26.080	26.445	25.825	26.122	2128
2021-03-12 00:00	26.121	26.151	25.370	25.895	2089
2021-03-14 00:00	25.917	26.072	25.917	25.965	180
2021-03-15 00:00	25.965	26.293	25.786	26.164	2133
2021-03-16 00:00	26.161	26.298	25.824	25.927	1888
2021-03-17 00:00	25.927	26.509	25.747	26.325	2548
2021-03-18 00:00	26.326	26.625	25.819	25.986	2928
2021-03-19 00:00	25.984	26.312	25.858	26.169	2465
2021-03-21 00:00	26.212	26.225	25.821	25.889	182
2021-03-22 00:00	25.894	25.909	25.396	25.702	2317
2021-03-23 00:00	25.705	25.707	24.972	25.072	2164
2021-03-24 00:00	25.071	25.349	24.963	25.076	2285
2021-03-25 00:00	25.080	25.177	24.395	25.133	2316
2021-03-26 00:00	25.132	25.249	24.856	25.051	1655
2021-03-28 00:00	25.040	25.095	24.936	24.974	188
2021-03-29 00:00	24.969	24.979	24.431	24.651	1859
2021-03-30 00:00	24.654	24.725	23.840	24.042	1828
2021-03-31 00:00	24.043	24.518	23.766	24.386	1777
2021-04-01 00:00	24.388	24.970	24.234	24.912	1623
2021-04-04 00:00	24.962	25.023	24.883	24.980	178
2021-04-05 00:00	24.981	25.072	24.597	24.837	1480
2021-04-06 00:00	24.844	25.288	24.810	25.125	1598
2021-04-07 00:00	25.122	25.266	24.843	25.111	1596
2021-04-08 00:00	25.110	25.608	24.951	25.435	1641
2021-04-09 00:00	25.433	25.492	24.971	25.191	1393
2021-04-11 00:00	25.170	25.257	25.154	25.232	178
2021-04-12 00:00	25.234	25.264	24.694	24.799	1562
2021-04-13 00:00	24.808	25.475	24.669	25.326	2116
2021-04-14 00:00	25.327	25.526	25.186	25.466	1649
2021-04-15 00:00	25.467	25.980	25.308	25.804	1936
2021-04-16 00:00	25.805	26.291	25.744	25.944	1556
2021-04-18 00:00	25.961	26.096	25.895	26.055	186
2021-04-19 00:00	26.063	26.224	25.621	25.791	2042
2021-04-20 00:00	25.794	26.084	25.678	25.761	1737
2021-04-21 00:00	25.756	26.642	25.751	26.475	1702
2021-04-22 00:00	26.475	26.573	25.964	26.107	1768
2021-04-23 00:00	26.108	26.398	25.837	25.981	1497
2021-04-25 00:00	25.960	26.100	25.908	26.074	191
2021-04-26 00:00	26.075	26.255	25.838	26.200	1765
2021-04-27 00:00	26.193	26.450	26.036	26.147	1721
2021-04-28 00:00	26.147	26.362	25.820	26.318	1740
2021-04-29 00:00	26.312	26.466	25.693	26.041	1749
2021-04-30 00:00	26.041	26.185	25.788	25.885	1716
2021-05-02 00:00	25.870	25.927	25.791	25.923	178
2021-05-03 00:00	25.921	26.985	25.870	26.829	1690
2021-05-04 00:00	26.827	27.106	26.076	26.488	1750
2021-05-05 00:00	26.485	26.615	26.092	26.317	1558
2021-05-06 00:00	26.319	27.454	26.159	27.238	1783
2021-05-07 00:00	27.249	27.665	27.126	27.409	1812
2021-05-09 00:00	27.510	27.654	27.459	27.536	198
2021-05-10 00:00	27.536	27.871	27.211	27.244	2070
2021-05-11 00:00	27.245	27.661	27.092	27.493	2395
2021-05-12 00:00	27.494	27.686	26.938	27.170	2661
2021-05-13 00:00	27.165	27.231	26.706	27.063	2191
2021-05-14 00:00	27.058	27.476	26.805	27.395	2015
2021-05-16 00:00	27.404	27.500	27.332	27.355	183
2021-05-17 00:00	27.355	28.280	27.334	28.232	1999
2021-05-18 00:00	28.229	28.735	27.993	28.166	1882
2021-05-19 00:00	28.165	28.228	27.353	27.729	2434
2021-05-20 00:00	27.728	27.996	27.385	27.745	2002
2021-05-21 00:00	27.745	28.059	27.189	27.497	1868
2021-05-23 00:00	27.554	27.589	27.506	27.513	177
2021-05-24 00:00	27.516	27.895	27.448	27.676	1949
2021-05-25 00:00	27.676	28.027	27.450	27.979	1974
2021-05-26 00:00	27.983	28.222	27.600	27.646	1886
2021-05-27 00:00	27.644	27.891	27.487	27.834	1934
2021-05-28 00:00	27.835	27.966	27.385	27.919	1864
2021-05-30 00:00	27.903	27.996	27.893	27.964	174
2021-05-31 00:00	27.965	28.129	27.862	28.047	1495
2021-06-01 00:00	28.048	28.547	27.805	27.888	2246
2021-06-02 00:00	27.888	28.188	27.678	28.175	1820
2021-06-03 00:00	28.184	28.224	27.021	27.392	2279
2021-06-04 00:00	27.393	27.841	27.216	27.737	1857
2021-06-06 00:00	27.753	27.791	27.712	27.734	181
2021-06-07 00:00	27.741	27.943	27.466	27.913	1915
2021-06-08 00:00	27.915	27.967	27.488	27.666	1955
2021-06-09 00:00	27.666	27.992	27.505	27.744	1816
2021-06-10 00:00	27.742	28.023	27.447	27.965	2219
2021-06-11 00:00	27.967	28.276	27.876	27.896	1754
2021-06-13 00:00	27.903	27.976	27.779	27.790	181
2021-06-14 00:00	27.791	28.011	27.458	27.854	2018
2021-06-15 00:00	27.851	27.880	27.382	27.677	1852
2021-06-16 00:00	27.677	27.826	26.562	27.195	1963
2021-06-17 00:00	27.196	27.196	25.761	26.147	2581
2021-06-18 00:00	26.143	26.486	25.729	25.729	2337
2021-06-20 00:00	25.781	25.969	25.773	25.969	184
2021-06-21 00:00	25.967	26.073	25.538	25.910	2228
2021-06-22 00:00	25.906	26.032	25.675	25.786	1938
2021-06-23 00:00	25.786	26.285	25.761	25.916	1859
2021-06-24 00:00	25.916	26.162	25.801	25.913	1658
2021-06-25 00:00	25.916	26.288	25.913	26.073	1580
2021-06-27 00:00	26.077	26.135	26.045	26.049	177
2021-06-28 00:00	26.045	26.215	25.778	26.039	1783
2021-06-29 00:00	26.036	26.107	25.509	25.819	1763
2021-06-30 00:00	25.819	26.143	25.690	26.070	1895
2021-07-01 00:00	26.067	26.393	25.935	25.993	1712
2021-07-02 00:00	25.997	26.559	25.977	26.382	1715
2021-07-04 00:00	26.458	26.475	26.365	26.421	171
2021-07-05 00:00	26.424	26.608	26.368	26.434	1219
2021-07-06 00:00	26.437	26.765	25.995	26.082	1762
2021-07-07 00:00	26.074	26.429	25.966	26.090	1696
2021-07-08 00:00	26.093	26.205	25.791	25.875	1887
2021-07-09 00:00	25.877	26.201	25.744	26.053	1598
2021-07-11 00:00	26.062	26.133	26.033	26.115	178
2021-07-12 00:00	26.116	26.290	25.858	26.248	1590
2021-07-13 00:00	26.250	26.341	25.923	25.965	1822
2021-07-14 00:00	25.968	26.458	25.942	26.187	1816
2021-07-15 00:00	26.185	26.386	26.146	26.305	1674
2021-07-16 00:00	26.314	26.439	25.586	25.625	1538
2021-07-18 00:00	25.595	25.749	25.595	25.702	180
2021-07-19 00:00	25.702	25.707	24.982	25.185	1883
2021-07-20 00:00	25.189	25.265	24.803	24.938	1725
2021-07-21 00:00	24.940	25.301	24.742	25.233	1629
2021-07-22 00:00	25.239	25.453	24.997	25.412	1722
2021-07-23 00:00	25.410	25.464	24.989	25.126	1348
2021-07-25 00:00	25.182	25.195	25.137	25.154	176
2021-07-26 00:00	25.154	25.425	25.092	25.126	1604
2021-07-27 00:00	25.119	25.257	24.481	24.674	1778
2021-07-28 00:00	24.674	25.059	24.598	25.026	1790
2021-07-29 00:00	25.027	25.791	25.026	25.466	2003
2021-07-30 00:00	25.463	25.630	25.332	25.411	1368
2021-08-01 00:00	25.466	25.525	25.444	25.522	171
2021-08-02 00:00	25.525	25.627	25.283	25.379	1595
2021-08-03 00:00	25.378	25.590	25.234	25.539	1605
2021-08-04 00:00	25.538	25.996	25.313	25.329	1743
2021-08-05 00:00	25.328	25.501	25.068	25.124	1499
2021-08-06 00:00	25.124	25.196	24.186	24.242	1520
2021-08-08 00:00	24.312	24.358	22.062	23.752	214
2021-08-09 00:00	23.753	24.038	23.222	23.469	1945
2021-08-10 00:00	23.469	23.665	23.225	23.307	1636
2021-08-11 00:00	23.303	23.581	23.200	23.490	1897
2021-08-12 00:00	23.491	23.512	23.000	23.196	1730
2021-08-13 00:00	23.198	23.824	23.156	23.643	1398
2021-08-15 00:00	23.715	23.761	23.653	23.722	175
2021-08-16 00:00	23.716	23.892	23.410	23.851	1600
2021-08-17 00:00	23.854	23.947	23.552	23.651	1743
2021-08-18 00:00	23.653	23.818	23.279	23.398	1849
2021-08-19 00:00	23.407	23.508	23.076	23.265	2008
2021-08-20 00:00	23.260	23.316	22.863	22.985	1704
2021-08-22 00:00	22.998	23.078	22.962	23.050	176
2021-08-23 00:00	23.052	23.686	22.973	23.552	1864
2021-08-24 00:00	23.553	23.944	23.522	23.723	1732
2021-08-25 00:00	23.721	23.884	23.575	23.832	1953
2021-08-26 00:00	23.825	23.856	23.421	23.565	1833
2021-08-27 00:00	23.558	24.108	23.332	24.000	1736
2021-08-29 00:00	23.982	24.099	23.969	24.097	172
2021-08-30 00:00	24.099	24.203	23.898	24.045	1504
2021-08-31 00:00	24.053	24.198	23.792	23.871	1913
2021-09-01 00:00	23.869	24.258	23.738	24.136	1930
2021-09-02 00:00	24.138	24.209	23.756	23.924	1584
2021-09-03 00:00	23.924	24.863	23.868	24.712	1629
2021-09-05 00:00	24.747	24.791	24.677	24.682	174
2021-09-06 00:00	24.683	24.812	24.625	24.709	1116
2021-09-07 00:00	24.707	24.817	24.151	24.378	1558
2021-09-08 00:00	24.379	24.402	23.894	23.954	1688
2021-09-09 00:00	23.955	24.282	23.831	24.028	1488
2021-09-10 00:00	24.031	24.290	23.666	23.725	1358
2021-09-12 00:00	23.726	23.802	23.726	23.795	176
2021-09-13 00:00	23.796	23.847	23.366	23.700	1559
2021-09-14 00:00	23.700	23.955	23.422	23.819	1688
2021-09-15 00:00	23.818	23.906	23.651	23.877	1579
2021-09-16 00:00	23.879	23.959	22.587	22.948	1586
2021-09-17 00:00	22.948	23.125	22.320	22.374	1374
2021-09-19 00:00	22.318	22.424	22.103	22.347	177
2021-09-20 00:00	22.347	22.504	22.025	22.242	1455
2021-09-21 00:00	22.242	22.716	22.229	22.478	1444
2021-09-22 00:00	22.479	23.136	22.472	22.648	1543
2021-09-23 00:00	22.647	22.871	22.456	22.633	1438
2021-09-24 00:00	22.641	22.791	22.095	22.401	1279
2021-09-26 00:00	22.367	22.500	22.367	22.484	172
2021-09-27 00:00	22.483	22.839	22.435	22.554	1462
2021-09-28 00:00	22.552	22.660	22.089	22.460	1569
2021-09-29 00:00	22.461	22.545	21.408	21.580	1514
2021-09-30 00:00	21.580	22.226	21.462	22.037	1591
2021-10-01 00:00	22.038	22.577	21.982	22.523	1336
2021-10-03 00:00	22.530	22.770	22.518	22.630	175
2021-10-04 00:00	22.631	22.696	22.271	22.528	1487
2021-10-05 00:00	22.528	22.651	22.359	22.581	1389
2021-10-06 00:00	22.581	22.674	22.198	22.620	1452
2021-10-07 00:00	22.617	22.800	22.369	22.574	1438
2021-10-08 00:00	22.575	23.183	22.418	22.656	1424
2021-10-10 00:00	22.654	22.718	22.551	22.644	180
2021-10-11 00:00	22.646	22.811	22.480	22.523	1406
2021-10-12 00:00	22.521	22.760	22.331	22.568	1470
2021-10-13 00:00	22.573	23.238	22.455	23.041	1551
2021-10-14 00:00	23.036	23.576	22.887	23.481	1729
2021-10-15 00:00	23.480	23.582	23.058	23.269	1498
2021-10-17 00:00	23.275	23.375	23.275	23.320	180
2021-10-18 00:00	23.324	23.442	22.997	23.243	1567
2021-10-19 00:00	23.248	24.113	23.248	23.625	1618
2021-10-20 00:00	23.622	24.414	23.603	24.345	1800
2021-10-21 00:00	24.345	24.473	23.994	24.181	1570
2021-10-22 00:00	24.176	24.817	24.115	24.273	1505
2021-10-24 00:00	24.294	24.471	24.275	24.451	185
2021-10-25 00:00	24.459	24.612	24.290	24.497	1592
2021-10-26 00:00	24.495	24.540	23.863	24.125	1536
2021-10-27 00:00	24.125	24.246	23.822	23.991	1545
2021-10-28 00:00	23.990	24.241	23.947	24.017	1645
2021-10-29 00:00	24.019	24.056	23.643	23.865	1465
2021-10-31 00:00	23.894	23.896	23.735	23.806	173
2021-11-01 00:00	23.810	24.088	23.736	24.012	1699
2021-11-02 00:00	24.010	24.054	23.378	23.542	1471
2021-11-03 00:00	23.541	23.715	23.007	23.608	1710
2021-11-04 00:00	23.609	24.035	23.428	23.785	1564
2021-11-05 00:00	23.787	24.166	23.601	24.149	1418
2021-11-07 00:00	24.135	24.188	24.043	24.053	120
2021-11-08 00:00	24.053	24.504	24.048	24.434	1465
2021-11-09 00:00	24.428	24.466	24.014	24.289	1547
2021-11-10 00:00	24.288	25.119	23.985	24.677	1688
2021-11-11 00:00	24.677	25.255	24.578	25.173	1489
2021-11-12 00:00	25.169	25.381	24.834	25.306	1370
2021-11-14 00:00	25.298	25.376	25.265	25.298	118
2021-11-15 00:00	25.298	25.304	24.895	25.108	1465
2021-11-16 00:00	25.105	25.395	24.756	24.857	1581
2021-11-17 00:00	24.854	25.199	24.850	25.122	1415
2021-11-18 00:00	25.121	25.149	24.667	24.806	1479
2021-11-19 00:00	24.806	24.972	24.541	24.592	1495
2021-11-21 00:00	24.608	24.645	24.490	24.601	120
2021-11-22 00:00	24.601	24.877	24.091	24.266	1526
2021-11-23 00:00	24.266	24.313	23.266	23.604	1571
2021-11-24 00:00	23.603	23.679	23.390	23.612	1507
2021-11-25 00:00	23.611	23.715	23.503	23.523	1120
2021-11-26 00:00	23.526	23.718	22.903	23.103	1192
2021-11-28 00:00	23.112	23.325	23.053	23.278	120
2021-11-29 00:00	23.286	23.433	22.741	22.883	1443
2021-11-30 00:00	22.886	23.304	22.678	22.880	1659
2021-12-01 00:00	22.877	23.020	22.172	22.377	1544
2021-12-02 00:00	22.380	22.493	22.202	22.401	1501
2021-12-03 00:00	22.398	22.576	22.024	22.536	1398
2021-12-05 00:00	22.570	22.596	22.480	22.549	121
2021-12-06 00:00	22.549	22.573	22.111	22.360	1396
2021-12-07 00:00	22.360	22.592	22.213	22.523	1401
2021-12-08 00:00	22.523	22.553	22.293	22.445	1407
2021-12-09 00:00	22.443	22.464	21.856	21.971	1446
2021-12-10 00:00	21.974	22.222	21.816	22.165	1369
2021-12-12 00:00	22.157	22.241	22.153	22.195	130
2021-12-13 00:00	22.193	22.409	22.132	22.323	1464
2021-12-14 00:00	22.322	22.327	21.679	22.019	1453
2021-12-15 00:00	22.020	22.123	21.413	21.996	1600
2021-12-16 00:00	21.996	22.527	21.899	22.434	1485
2021-12-17 00:00	22.431	22.670	22.325	22.350	1304
2021-12-19 00:00	22.369	22.398	22.319	22.362	123
2021-12-20 00:00	22.354	22.438	22.182	22.206	1469
2021-12-21 00:00	22.208	22.782	22.167	22.471	1468
2021-12-22 00:00	22.471	22.825	22.428	22.744	1457
2021-12-23 00:00	22.747	22.926	22.640	22.865	1394
2021-12-26 00:00	22.839	22.866	22.759	22.834	118
2021-12-27 00:00	22.834	23.107	22.632	23.022	1474
2021-12-28 00:00	23.019	23.425	22.951	22.990	1539
2021-12-29 00:00	22.988	23.149	22.573	22.790	1605
2021-12-30 00:00	22.791	23.105	22.590	23.051	1440
2021-12-31 00:00	23.046	23.331	23.031	23.299	1313
2022-01-02 00:00	23.297	23.399	23.233	23.242	117
2022-01-03 00:00	23.241	23.293	22.659	22.925	1633
2022-01-04 00:00	22.924	23.094	22.631	23.034	1800
2022-01-05 00:00	23.029	23.248	22.710	22.805	1684
2022-01-06 00:00	22.804	22.820	21.990	22.175	1803
2022-01-07 00:00	22.176	22.431	21.935	22.353	1604
2022-01-09 00:00	22.343	22.409	22.304	22.338	120
2022-01-10 00:00	22.337	22.510	22.178	22.499	1618
2022-01-11 00:00	22.497	22.797	22.449	22.732	1574
2022-01-12 00:00	22.728	23.211	22.632	23.129	1708
2022-01-13 00:00	23.129	23.263	22.987	23.061	1607
2022-01-14 00:00	23.058	23.302	22.816	22.951	1539
2022-01-16 00:00	22.940	22.954	22.876	22.908	120
2022-01-17 00:00	22.909	23.108	22.821	23.051	1125
2022-01-18 00:00	23.047	23.629	22.794	23.424	1849
2022-01-19 00:00	23.424	24.203	23.371	24.138	1915
2022-01-20 00:00	24.130	24.694	24.063	24.390	2064
2022-01-21 00:00	24.390	24.570	24.152	24.261	1751
2022-01-23 00:00	24.233	24.303	24.172	24.233	121
2022-01-24 00:00	24.233	24.263	23.551	23.814	2884
2022-01-25 00:00	23.807	23.966	23.584	23.862	2130
2022-01-26 00:00	23.859	23.966	23.422	23.551	2300
2022-01-27 00:00	23.552	23.557	22.566	22.725	2487
2022-01-28 00:00	22.724	22.811	22.137	22.463	2127
2022-01-30 00:00	22.442	22.446	22.334	22.340	120
2022-01-31 00:00	22.341	22.634	22.238	22.453	1639
2022-02-01 00:00	22.455	23.034	22.393	22.679	1769
2022-02-02 00:00	22.680	22.855	22.456	22.612	1640
2022-02-03 00:00	22.614	22.647	21.988	22.411	1797
2022-02-04 00:00	22.411	22.663	22.108	22.498	1682
2022-02-06 00:00	22.497	22.718	22.487	22.688	121
2022-02-07 00:00	22.690	23.092	22.644	23.014	1526
2022-02-08 00:00	23.015	23.250	22.766	23.187	1491
2022-02-09 00:00	23.186	23.345	23.079	23.257	1466
2022-02-10 00:00	23.254	23.704	23.116	23.153	1878
2022-02-11 00:00	23.147	23.680	22.848	23.540	1889
2022-02-13 00:00	23.549	23.672	23.508	23.544	133
2022-02-14 00:00	23.543	23.932	23.539	23.876	2390
2022-02-15 00:00	23.879	23.979	23.067	23.360	2223
2022-02-16 00:00	23.358	23.659	23.267	23.591	1821
2022-02-17 00:00	23.590	23.911	23.410	23.820	2512
2022-02-18 00:00	23.829	24.081	23.670	23.911	2164
2022-02-20 00:00	23.985	24.051	23.855	23.876	189
2022-02-21 00:00	23.871	24.165	23.680	23.986	1719
2022-02-22 00:00	23.981	24.353	23.890	24.177	2735
2022-02-23 00:00	24.177	24.588	24.014	24.583	1980
2022-02-24 00:00	24.576	25.611	23.821	24.353	3497
2022-02-25 00:00	24.348	24.490	23.860	24.253	2249
2022-02-27 00:00	24.606	24.764	24.366	24.467	139
2022-02-28 00:00	24.466	24.575	24.081	24.374	2035
2022-03-01 00:00	24.373	25.535	24.268	25.182	2327
2022-03-02 00:00	25.187	25.375	24.849	25.205	2136
2022-03-03 00:00	25.205	25.469	24.959	25.237	2026
2022-03-04 00:00	25.237	25.732	25.033	25.691	1959
2022-03-06 00:00	25.814	26.077	25.767	25.818	253
2022-03-07 00:00	25.823	26.136	25.189	25.552	4219
2022-03-08 00:00	25.560	26.940	25.341	26.365	3574
2022-03-09 00:00	26.367	26.753	25.383	25.511	2467
2022-03-10 00:00	25.507	26.053	25.295	25.796	1763
2022-03-11 00:00	25.791	25.993	25.396	25.852	1930
2022-03-13 00:00	25.874	25.917	25.503	25.662	182
2022-03-14 00:00	25.662	25.743	24.918	25.021	1657
2022-03-15 00:00	25.020	25.044	24.518	24.922	1714
2022-03-16 00:00	24.925	25.177	24.428	25.076	1736
2022-03-17 00:00	25.082	25.534	25.044	25.356	1825
2022-03-18 00:00	25.357	25.382	24.816	24.958	1874
2022-03-20 00:00	24.962	25.130	24.893	25.017	182
2022-03-21 00:00	25.013	25.300	24.869	25.159	1613
2022-03-22 00:00	25.159	25.371	24.560	24.698	2159
2022-03-23 00:00	24.697	25.203	24.677	25.145	1607
2022-03-24 00:00	25.144	25.840	24.955	25.635	1604
2022-03-25 00:00	25.635	25.711	25.242	25.481	1699
2022-03-27 00:00	25.525	25.573	25.350	25.373	162
2022-03-28 00:00	25.373	25.373	24.781	24.910	1837
2022-03-29 00:00	24.911	25.001	23.956	24.770	1629
2022-03-30 00:00	24.771	25.053	24.686	24.790	1463
2022-03-31 00:00	24.792	25.076	24.556	24.755	1665
2022-04-01 00:00	24.751	24.851	24.409	24.614	1522
2022-04-03 00:00	24.571	24.672	24.564	24.645	168
2022-04-04 00:00	24.635	24.836	24.270	24.505	1771
2022-04-05 00:00	24.504	24.938	24.211	24.275	1883
2022-04-06 00:00	24.275	24.558	24.112	24.430	2123
2022-04-07 00:00	24.431	24.671	24.226	24.601	2080
2022-04-08 00:00	24.595	24.798	24.356	24.737	1542
2022-04-10 00:00	24.744	24.831	24.732	24.787	180
2022-04-11 00:00	24.783	25.367	24.656	25.007	2280
2022-04-12 00:00	25.004	25.603	24.850	25.361	1925
2022-04-13 00:00	25.351	25.822	25.351	25.665	1626
2022-04-14 00:00	25.668	25.859	25.276	25.633	1370
2022-04-17 00:00	25.629	25.893	25.580	25.844	188
2022-04-18 00:00	25.845	26.210	25.731	25.801	1590
2022-04-19 00:00	25.801	25.992	25.016	25.058	1780
2022-04-20 00:00	25.063	25.279	24.872	25.141	1686
2022-04-21 00:00	25.144	25.174	24.409	24.573	1825
2022-04-22 00:00	24.574	24.589	24.035	24.105	1835
2022-04-24 00:00	24.092	24.167	24.041	24.093	184
2022-04-25 00:00	24.089	24.103	23.385	23.735	2036
2022-04-26 00:00	23.732	23.918	23.382	23.581	1594
2022-04-27 00:00	23.582	23.688	23.225	23.298	2029
2022-04-28 00:00	23.299	23.312	22.872	23.166	1662
2022-04-29 00:00	23.165	23.552	22.670	22.753	1407
2022-05-01 00:00	22.715	22.851	22.632	22.650	185
2022-05-02 00:00	22.653	22.798	22.104	22.728	1520
2022-05-03 00:00	22.729	22.831	22.407	22.558	1718
2022-05-04 00:00	22.557	23.081	22.200	23.059	1606
2022-05-05 00:00	23.059	23.272	22.304	22.419	1809
2022-05-06 00:00	22.418	22.633	22.087	22.313	1490
2022-05-08 00:00	22.313	22.355	22.212	22.265	182
2022-05-09 00:00	22.260	22.314	21.674	21.768	2005
2022-05-10 00:00	21.767	22.095	21.168	21.269	1840
2022-05-11 00:00	21.271	21.955	21.256	21.593	1754
2022-05-12 00:00	21.590	21.646	20.530	20.779	1764
2022-05-13 00:00	20.777	21.107	20.441	21.077	1429
2022-05-15 00:00	21.087	21.247	21.012	21.183	183
2022-05-16 00:00	21.185	21.678	20.831	21.589	2038
2022-05-17 00:00	21.583	21.905	21.496	21.645	1906
2022-05-18 00:00	21.645	21.741	21.283	21.356	1668
2022-05-19 00:00	21.350	21.981	21.270	21.869	1842
2022-05-20 00:00	21.870	22.069	21.600	21.737	1356
2022-05-22 00:00	21.753	21.933	21.717	21.913	175
2022-05-23 00:00	21.913	22.180	21.660	21.718	1526
2022-05-24 00:00	21.710	22.196	21.657	22.066	1733
2022-05-25 00:00	22.067	22.083	21.723	21.930	1844
2022-05-26 00:00	21.930	22.063	21.707	21.960	1578
2022-05-27 00:00	21.959	22.436	21.924	22.103	1699
2022-05-29 00:00	22.072	22.097	22.002	22.066	169
2022-05-30 00:00	22.064	22.271	21.800	21.800	1228
2022-05-31 00:00	21.800	21.971	21.465	21.528	1563
2022-06-01 00:00	21.528	21.964	21.419	21.804	1535
2022-06-02 00:00	21.799	22.441	21.751	22.413	1449
2022-06-03 00:00	22.413	22.476	21.836	21.893	1303
2022-06-05 00:00	21.906	21.993	21.880	21.962	177
2022-06-06 00:00	21.963	22.504	21.957	22.037	1499
2022-06-07 00:00	22.029	22.276	21.847	22.185	1445
2022-06-08 00:00	22.181	22.205	21.793	22.017	1461
2022-06-09 00:00	22.022	22.137	21.542	21.678	1539
2022-06-10 00:00	21.675	21.985	21.232	21.878	1436
2022-06-12 00:00	21.917	22.000	21.689	21.691	183
2022-06-13 00:00	21.695	21.723	20.951	21.180	1663
2022-06-14 00:00	21.181	21.371	20.880	21.072	1604
2022-06-15 00:00	21.067	21.841	21.032	21.673	1960
2022-06-16 00:00	21.675	21.957	21.335	21.727	1925
2022-06-17 00:00	21.725	21.940	21.563	21.654	1885
2022-06-19 00:00	21.363	21.693	21.362	21.676	167
2022-06-20 00:00	21.672	21.752	21.451	21.677	1246
2022-06-21 00:00	21.676	21.929	21.323	21.536	1726
2022-06-22 00:00	21.536	21.590	21.224	21.367	1666
2022-06-23 00:00	21.367	21.499	20.905	20.959	1542
2022-06-24 00:00	20.957	21.215	20.594	21.109	1849
2022-06-26 00:00	21.194	21.249	21.077	21.109	180
2022-06-27 00:00	21.109	21.528	21.096	21.141	1568
2022-06-28 00:00	21.141	21.354	20.773	20.812	1470
2022-06-29 00:00	20.810	21.050	20.616	20.748	1694
2022-06-30 00:00	20.746	20.812	20.154	20.225	1711
2022-07-01 00:00	20.224	20.281	19.370	19.866	1949
2022-07-03 00:00	19.845	19.961	19.810	19.822	187
2022-07-04 00:00	19.824	20.042	19.754	19.990	1314
2022-07-05 00:00	19.990	20.195	19.082	19.281	1892
2022-07-06 00:00	19.282	19.384	18.910	19.194	2182
2022-07-07 00:00	19.196	19.477	19.083	19.279	1545
2022-07-08 00:00	19.282	19.445	19.002	19.286	1426
2022-07-10 00:00	19.291	19.352	19.246	19.316	184
2022-07-11 00:00	19.316	19.363	19.022	19.062	1502
2022-07-12 00:00	19.066	19.194	18.729	18.898	1605
2022-07-13 00:00	18.893	19.400	18.846	19.120	1694
2022-07-14 00:00	19.118	19.187	18.131	18.398	1973
2022-07-15 00:00	18.399	18.769	18.171	18.657	1381
2022-07-17 00:00	18.649	18.761	18.637	18.658	178
2022-07-18 00:00	18.663	19.010	18.626	18.688	1498
2022-07-19 00:00	18.692	18.900	18.566	18.796	1616
2022-07-20 00:00	18.793	19.089	18.596	18.666	1523
2022-07-21 00:00	18.665	18.871	18.226	18.801	1748
2022-07-22 00:00	18.798	18.942	18.498	18.553	1335
2022-07-24 00:00	18.578	18.593	18.444	18.454	169
2022-07-25 00:00	18.451	18.776	18.301	18.432	1459
2022-07-26 00:00	18.429	18.718	18.404	18.677	1444
2022-07-27 00:00	18.676	19.171	18.440	19.094	1539
2022-07-28 00:00	19.101	20.045	19.048	20.025	1751
2022-07-29 00:00	20.020	20.356	19.836	20.321	1504
2022-07-31 00:00	20.293	20.322	20.173	20.214	178
2022-08-01 00:00	20.219	20.498	20.071	20.335	1832
2022-08-02 00:00	20.336	20.501	19.772	19.814	1911
2022-08-03 00:00	19.815	20.164	19.771	20.041	1560
2022-08-04 00:00	20.038	20.379	19.947	20.226	1801
2022-08-05 00:00	20.226	20.305	19.537	19.857	1458
2022-08-07 00:00	19.854	19.886	19.782	19.818	184
2022-08-08 00:00	19.817	20.734	19.800	20.678	1800
2022-08-09 00:00	20.683	20.728	20.398	20.490	1821
2022-08-10 00:00	20.485	20.834	20.334	20.574	1789
2022-08-11 00:00	20.575	20.624	20.226	20.255	1618
2022-08-12 00:00	20.255	20.839	20.234	20.793	1645
2022-08-14 00:00	20.764	20.863	20.738	20.836	177
2022-08-15 00:00	20.836	20.852	20.074	20.202	2019
2022-08-16 00:00	20.206	20.255	19.899	20.093	1901
2022-08-17 00:00	20.088	20.265	19.683	19.805	1851
2022-08-18 00:00	19.806	19.929	19.429	19.468	1690
2022-08-19 00:00	19.468	19.483	19.011	19.017	1395
2022-08-21 00:00	19.010	19.056	18.950	18.981	181
2022-08-22 00:00	18.977	19.145	18.707	19.003	1486
2022-08-23 00:00	18.989	19.269	18.784	19.072	1488
2022-08-24 00:00	19.074	19.221	18.939	19.146	1533
2022-08-25 00:00	19.142	19.393	19.091	19.174	1490
2022-08-26 00:00	19.175	19.423	18.808	18.854	1613
2022-08-28 00:00	18.725	18.836	18.692	18.750	172
2022-08-29 00:00	18.755	18.902	18.499	18.741	1499
2022-08-30 00:00	18.741	18.835	18.313	18.403	1602
2022-08-31 00:00	18.402	18.529	17.709	17.770	1850
2022-09-01 00:00	17.767	17.860	17.543	17.827	1658
2022-09-02 00:00	17.822	18.279	17.769	18.032	1557
2022-09-04 00:00	18.019	18.034	17.932	17.979	183
2022-09-05 00:00	17.976	18.395	17.954	18.365	1249
2022-09-06 00:00	18.367	18.576	17.844	17.913	1628
2022-09-07 00:00	17.907	18.470	17.832	18.389	1408
2022-09-08 00:00	18.389	18.730	18.320	18.653	1614
2022-09-09 00:00	18.650	18.936	18.561	18.828	1274
2022-09-11 00:00	18.848	18.998	18.799	18.914	174
2022-09-12 00:00	18.915	20.004	18.823	19.729	1547
2022-09-13 00:00	19.731	19.939	19.226	19.236	1770
2022-09-14 00:00	19.225	19.689	19.225	19.611	1534
2022-09-15 00:00	19.611	19.621	18.891	19.053	1599
2022-09-16 00:00	19.050	19.613	18.768	19.562	1600
2022-09-18 00:00	19.515	19.646	19.508	19.554	179
2022-09-19 00:00	19.553	19.571	19.208	19.499	1492
2022-09-20 00:00	19.498	19.566	19.050	19.259	1558
2022-09-21 00:00	19.252	19.913	19.231	19.304	1918
2022-09-22 00:00	19.304	19.850	19.232	19.670	2061
2022-09-23 00:00	19.659	19.700	18.763	18.843	1650
2022-09-25 00:00	18.831	18.881	18.467	18.519	208
2022-09-26 00:00	18.520	19.023	18.305	18.496	1869
2022-09-27 00:00	18.498	18.778	18.307	18.351	1692
2022-09-28 00:00	18.349	18.965	17.953	18.794	2015
2022-09-29 00:00	18.795	18.909	18.479	18.899	1946
2022-09-30 00:00	18.902	19.282	18.762	19.015	1786
2022-10-02 00:00	18.978	19.144	18.958	19.060	185
2022-10-03 00:00	19.062	20.833	19.059	20.702	2124
2022-10-04 00:00	20.705	21.233	20.599	20.940	1847
2022-10-05 00:00	20.935	21.022	19.924	20.719	1893
2022-10-06 00:00	20.723	20.860	20.346	20.541	1812
2022-10-07 00:00	20.542	20.819	19.988	20.116	1919
2022-10-09 00:00	20.092	20.175	19.895	19.926	192
2022-10-10 00:00	19.925	19.937	19.507	19.698	1808
2022-10-11 00:00	19.695	19.715	19.025	19.105	1981
2022-10-12 00:00	19.102	19.304	18.850	19.042	2034
2022-10-13 00:00	19.044	19.304	18.441	18.848	2242
2022-10-14 00:00	18.848	19.068	18.078	18.237	1906
2022-10-16 00:00	18.210	18.433	18.198	18.402	186
2022-10-17 00:00	18.407	18.932	18.326	18.695	1768
2022-10-18 00:00	18.692	18.918	18.533	18.754	1419
2022-10-19 00:00	18.758	18.785	18.350	18.383	1630
2022-10-20 00:00	18.382	18.993	18.216	18.584	1822
2022-10-21 00:00	18.585	19.412	18.271	19.402	2277
2022-10-23 00:00	19.413	19.671	19.345	19.367	248
2022-10-24 00:00	19.365	19.404	19.003	19.329	2082
2022-10-25 00:00	19.331	19.423	18.775	19.218	1786
2022-10-26 00:00	19.218	19.768	19.218	19.569	1861
2022-10-27 00:00	19.568	19.663	19.278	19.508	2064
2022-10-28 00:00	19.511	19.630	18.984	19.217	1750
2022-10-30 00:00	19.189	19.246	19.134	19.186	178
2022-10-31 00:00	19.177	19.226	18.889	19.188	1588
2022-11-01 00:00	19.186	20.020	19.157	19.653	2024
2022-11-02 00:00	19.653	20.068	19.100	19.250	1914
2022-11-03 00:00	19.246	19.534	18.818	19.460	1820
2022-11-04 00:00	19.461	20.899	19.398	20.847	2328
2022-11-06 00:00	20.433	20.591	20.417	20.586	121
2022-11-07 00:00	20.582	20.999	20.371	20.826	1705
2022-11-08 00:00	20.827	21.617	20.480	21.329	2148
2022-11-09 00:00	21.329	21.599	20.973	21.065	2404
2022-11-10 00:00	21.064	21.824	20.944	21.615	2308
2022-11-11 00:00	21.615	22.054	21.262	21.681	2109
2022-11-13 00:00	21.651	21.663	21.527	21.611	121
2022-11-14 00:00	21.610	22.077	21.276	21.902	1708
2022-11-15 00:00	21.897	22.243	21.372	21.548	2360
2022-11-16 00:00	21.542	22.041	21.379	21.413	2119
2022-11-17 00:00	21.414	21.462	20.742	21.003	1827
2022-11-18 00:00	20.998	21.284	20.830	20.909	1541
2022-11-20 00:00	20.911	21.006	20.851	20.876	119
2022-11-21 00:00	20.876	20.941	20.568	20.917	1542
2022-11-22 00:00	20.916	21.328	20.893	21.077	1521
2022-11-23 00:00	21.077	21.589	20.899	21.536	1689
2022-11-24 00:00	21.534	21.665	21.334	21.414	1289
2022-11-25 00:00	21.414	21.542	21.147	21.443	1110
2022-11-27 00:00	21.370	21.377	21.250	21.263	117
2022-11-28 00:00	21.261	21.610	20.854	20.926	1805
2022-11-29 00:00	20.919	21.440	20.909	21.265	1900
2022-11-30 00:00	21.267	22.397	21.205	22.260	2293
2022-12-01 00:00	22.259	22.775	22.028	22.639	2097
2022-12-02 00:00	22.639	23.225	22.265	23.119	2364
2022-12-04 00:00	23.115	23.276	23.053	23.239	124
2022-12-05 00:00	23.231	23.510	22.155	22.268	2097
2022-12-06 00:00	22.272	22.598	22.012	22.111	1851
2022-12-07 00:00	22.112	22.808	22.075	22.626	2544
2022-12-08 00:00	22.623	23.207	22.532	23.085	1849
2022-12-09 00:00	23.086	23.675	22.941	23.456	1984
2022-12-11 00:00	23.411	23.463	23.248	23.323	120
2022-12-12 00:00	23.324	23.524	23.094	23.313	1505
2022-12-13 00:00	23.316	24.120	23.281	23.713	2786
2022-12-14 00:00	23.708	24.038	23.365	23.850	2238
2022-12-15 00:00	23.848	23.849	22.948	23.093	2572
2022-12-16 00:00	23.094	23.241	22.542	23.205	2023
2022-12-18 00:00	23.168	23.296	23.113	23.246	152
2022-12-19 00:00	23.251	23.402	22.822	22.959	2020
2022-12-20 00:00	22.958	24.240	22.889	24.131	2631
2022-12-21 00:00	24.131	24.290	23.816	24.059	1984
2022-12-22 00:00	24.059	24.081	23.367	23.527	1838
2022-12-23 00:00	23.526	23.888	23.501	23.729	1609
2022-12-26 00:00	23.877	23.954	23.787	23.813	118
2022-12-27 00:00	23.806	24.273	23.776	23.967	1723
2022-12-28 00:00	23.971	24.063	23.447	23.544	1715
2022-12-29 00:00	23.541	24.052	23.508	23.929	1670
2022-12-30 00:00	23.930	24.138	23.510	23.953	1811
2023-01-02 00:00	24.036	24.154	23.938	24.085	123
2023-01-03 00:00	24.085	24.541	23.871	24.071	2382
2023-01-04 00:00	24.070	24.450	23.575	23.828	2238
2023-01-05 00:00	23.823	23.908	23.105	23.258	3130
2023-01-06 00:00	23.262	23.906	23.193	23.771	2698
2023-01-08 00:00	23.860	24.032	23.809	23.937	228
2023-01-09 00:00	23.929	24.093	23.538	23.628	3208
2023-01-10 00:00	23.628	23.760	23.413	23.635	2974
2023-01-11 00:00	23.636	24.032	23.197	23.450	3798
2023-01-12 00:00	23.447	24.174	23.261	23.831	3341
2023-01-13 00:00	23.838	24.287	23.485	24.248	3464
2023-01-15 00:00	24.246	24.300	24.201	24.237	173
2023-01-16 00:00	24.236	24.498	23.917	24.292	1937
2023-01-17 00:00	24.299	24.362	23.809	23.893	3358
2023-01-18 00:00	23.902	24.336	23.364	23.380	4108
2023-01-19 00:00	23.382	23.931	23.150	23.851	4287
2023-01-20 00:00	23.849	24.068	23.689	23.907	3451
2023-01-22 00:00	23.897	24.119	23.872	24.114	122
2023-01-23 00:00	24.113	24.150	22.743	23.378	3111
2023-01-24 00:00	23.380	23.733	23.201	23.614	3670
2023-01-25 00:00	23.611	23.966	23.319	23.854	2892
2023-01-26 00:00	23.861	24.283	23.584	23.971	3383
2023-01-27 00:00	23.970	23.972	23.280	23.573	2785
2023-01-29 00:00	23.534	23.703	23.534	23.688	133
2023-01-30 00:00	23.693	23.797	23.524	23.595	3260
2023-01-31 00:00	23.592	23.757	22.959	23.644	3728
2023-02-01 00:00	23.647	24.119	23.334	24.028	3807
2023-02-02 00:00	24.027	24.627	23.402	23.541	4251
2023-02-03 00:00	23.536	23.598	22.272	22.340	3939
2023-02-05 00:00	22.251	22.392	22.175	22.312	272
2023-02-06 00:00	22.317	22.604	22.132	22.260	3621
2023-02-07 00:00	22.260	22.450	22.029	22.263	4489
2023-02-08 00:00	22.253	22.527	22.198	22.265	3351
2023-02-09 00:00	22.264	22.583	21.879	21.937	3877
2023-02-10 00:00	21.942	22.295	21.819	21.969	4254
2023-02-12 00:00	21.965	22.017	21.846	21.944	119
2023-02-13 00:00	21.941	22.072	21.775	21.975	3319
2023-02-14 00:00	21.977	22.030	21.588	21.842	3301
2023-02-15 00:00	21.842	21.874	21.406	21.608	3648
2023-02-16 00:00	21.613	21.805	21.415	21.482	3965
2023-02-17 00:00	21.481	21.799	21.160	21.689	3445
2023-02-19 00:00	21.657	21.718	21.539	21.602	120
2023-02-20 00:00	21.604	21.898	21.581	21.779	1525
2023-02-21 00:00	21.779	21.967	21.628	21.856	3411
2023-02-22 00:00	21.855	21.974	21.427	21.544	3151
2023-02-23 00:00	21.541	21.673	21.251	21.342	3400
2023-02-24 00:00	21.345	21.393	20.726	20.751	2986
2023-02-26 00:00	20.749	20.837	20.705	20.801	120
2023-02-27 00:00	20.796	20.826	20.541	20.613	3234
2023-02-28 00:00	20.616	20.996	20.407	20.847	2925
2023-03-01 00:00	20.844	21.170	20.812	20.948	3418
2023-03-02 00:00	20.955	20.970	20.661	20.958	3031
2023-03-03 00:00	20.957	21.262	20.759	21.225	3102
2023-03-05 00:00	21.224	21.239	21.156	21.160	125
2023-03-06 00:00	21.172	21.297	20.966	21.046	1852
2023-03-07 00:00	21.047	21.133	20.014	20.049	1892
2023-03-08 00:00	20.049	20.218	19.899	20.032	1949
2023-03-09 00:00	20.033	20.286	19.965	20.113	1740
2023-03-10 00:00	20.118	20.134	19.888	20.082	458